orderId,time,symbol,side,price,executedQty,buyorderid,pnlperc,pnlusd
143322997,2022-11-10 15:00:24.130,OPBUSD,BUY,1.028,196.00000000,0,0,0
779036940,2022-11-10 17:00:13.943,MATICBUSD,BUY,1.1146,171.70000000,0,0,0
32738102,2022-11-10 18:00:15.943,BNXBUSD,BUY,147.7,1.23100000,0,0,0
173764861,2022-11-10 22:00:28.937,MASKBUSD,BUY,3.248,53.10000000,0,0,0
290054204,2022-11-11 00:00:19.868,CHZBUSD,BUY,0.2128,771.00000000,0,0,0
553505852,2022-11-11 02:00:31.785,ATOMBUSD,BUY,11.949,12.78000000,0,0,0
553890581,2022-11-11 07:00:30.633,ATOMBUSD,BUY,11.973,12.74000000,0,0,0
152440242,2022-11-11 10:00:24.451,LITBUSD,BUY,0.783,185.20000000,0,0,0
125094734,2022-11-11 12:00:18.361,ENSBUSD,BUY,13.0,10.59000000,0,0,0
907930732,2022-11-11 13:00:24.441,DOGEBUSD,BUY,0.08837,1481.00000000,0,0,0
309372939,2022-11-11 15:00:22.557,UNIBUSD,BUY,5.78,23.80000000,0,0,0
125213060,2022-11-11 16:00:14.372,ENSBUSD,SELL,12.16,10.57000000,125094734,-6.46,-9.138799999999975
554681568,2022-11-11 16:00:21.911,ATOMBUSD,SELL,11.561,12.73000000,553890581,-3.44,-5.364489999999989
125251702,2022-11-11 18:00:19.006,ENSBUSD,BUY,12.24,11.80000000,0,0,0
616955670,2022-11-11 18:00:22.584,LINKBUSD,BUY,6.849,20.04000000,0,0,0
152622177,2022-11-12 00:00:22.566,LITBUSD,BUY,0.744,175.20000000,0,0,0
152634389,2022-11-12 01:00:18.595,LITBUSD,SELL,0.686,175.00000000,152622177,-7.8,-10.298799999999972
910519306,2022-11-12 02:00:23.563,DOGEBUSD,BUY,0.08307,1489.00000000,0,0,0
144573301,2022-11-12 03:00:16.426,OPBUSD,SELL,0.994,195.80000000,143322997,-3.31,-6.862799999999993
32852418,2022-11-12 04:00:09.226,BNXBUSD,SELL,146.0,1.22900000,32738102,-1.15,-2.384699999999981
910816083,2022-11-12 04:00:20.304,DOGEBUSD,SELL,0.08208,1488.00000000,910519306,-1.19,-1.5561900000000009
911964928,2022-11-12 08:00:30.719,DOGEBUSD,BUY,0.08747,1624.00000000,0,0,0
787685419,2022-11-12 10:00:07.612,MATICBUSD,SELL,0.95146122,171.50000000,779036940,-14.64,-28.201220769999992
1463849439,2022-11-12 10:00:20.549,BNBBUSD,BUY,285.0,0.47800000,0,0.0,0.0
619077161,2022-11-12 12:00:13.992,LINKBUSD,SELL,6.407,20.04000000,616955670,-6.45,-8.857680000000016
619176825,2022-11-12 13:00:25.707,LINKBUSD,BUY,6.418,22.24000000,0,0,0
619286856,2022-11-12 14:00:14.999,LINKBUSD,SELL,6.343,22.18000000,619176825,-1.17,-2.0485800000000154
6240207635,2022-11-12 16:00:15.354,ETHBUSD,BUY,1272.86,0.11640000,0,0,0
119023770,2022-11-12 19:00:19.371,TWTBUSD,BUY,1.2784,104.00000000,0,0,0
6241351016,2022-11-12 21:00:05.742,ETHBUSD,SELL,1263.94069707,0.11620000,6240207635,-0.7,-1.2909950004659834
916130315,2022-11-12 22:00:13.022,DOGEBUSD,SELL,0.09132,1622.00000000,911964928,4.4,6.069759999999974
310066342,2022-11-12 23:00:08.894,UNIBUSD,SELL,5.56,23.77000000,309372939,-3.81,-5.402800000000042
295147153,2022-11-12 23:00:11.811,CHZBUSD,SELL,0.2168,770.00000000,290054204,1.88,2.8672000000000253
125776549,2022-11-13 01:00:07.650,ENSBUSD,SELL,12.53,11.79000000,125251702,2.37,3.2966999999999587
152782930,2022-11-13 01:00:26.483,LITBUSD,BUY,0.709,231.50000000,0,0.0,0.0
7038073379,2022-11-13 02:00:10.240,BTCBUSD,BUY,16855.54,0.00925000,0,0,0
6242459608,2022-11-13 02:00:13.016,ETHBUSD,BUY,1263.22,0.11730000,0,0,0
295400511,2022-11-13 03:00:21.058,CHZBUSD,BUY,0.2162,651.00000000,0,0,0
295506295,2022-11-13 05:00:11.140,CHZBUSD,SELL,0.2125,650.00000000,295400511,-1.71,-2.621200000000016
310172396,2022-11-13 05:00:20.777,UNIBUSD,BUY,5.87,23.96000000,0,0.0,0.0
83157309,2022-11-13 05:00:38.732,PHABUSD,BUY,0.16904861,790.00000000,0,0.0,0.0
152831414,2022-11-13 06:00:15.657,LITBUSD,SELL,0.718,231.20000000,152782930,1.27,1.8680999999999983
83163093,2022-11-13 06:00:20.023,PHABUSD,SELL,0.17,790.00000000,83157309,0.56,0.7515981000000238
7040789262,2022-11-13 07:00:08.993,BTCBUSD,SELL,16637.47157838,0.00925000,7038073379,-1.29,-2.017132899985029
6243592978,2022-11-13 07:00:12.749,ETHBUSD,SELL,1240.31,0.11710000,6242459608,-1.81,-2.935405000000003
6244085641,2022-11-13 08:00:14.713,ETHBUSD,BUY,1247.41,0.13150000,0,0,0
6244403460,2022-11-13 09:00:07.426,ETHBUSD,SELL,1227.94,0.13140000,6244085641,-1.56,-2.683099000000027
83180535,2022-11-13 09:00:34.183,PHABUSD,BUY,0.1627,1007.00000000,0,0.0,0.0
83192414,2022-11-13 10:00:12.957,PHABUSD,SELL,0.15995859,1007.00000000,83180535,-1.68,-2.7605998700000214
178317985,2022-11-13 11:00:12.417,MASKBUSD,SELL,3.12624151,53.00000000,173764861,-3.75,-6.777999970000025
83203471,2022-11-13 11:00:36.087,PHABUSD,BUY,0.16406921,1049.00000000,0,0.0,0.0
83233319,2022-11-13 16:00:09.642,PHABUSD,SELL,0.1596,1049.00000000,83203471,-2.72,-4.688201289999995
83237521,2022-11-13 17:00:32.604,PHABUSD,BUY,0.15909611,1080.00000000,0,0,0
xxx,2022-11-13 10:00:19.371,TWTBUSD,SELL,2.2,104.00000000,xxx,72,95.84
310691876,2022-11-14 03:00:13.009,UNIBUSD,SELL,5.5,23.94000000,310172396,-6.3,-8.975200000000001
922169802,2022-11-14 07:00:14.386,DOGEBUSD,BUY,0.08669895,2475.00000000,0,0,0
6253454121,2022-11-14 08:00:20.932,ETHBUSD,BUY,1262.76,0.16140000,0,0,0
153093795,2022-11-14 08:00:25.332,LITBUSD,BUY,0.701,276.30000000,0,0,0
153102294,2022-11-14 09:00:10.520,LITBUSD,SELL,0.6896236,276.30000000,153093795,-1.62,-3.143299319999983
32970936,2022-11-14 09:00:20.202,BNXBUSD,BUY,147.2,1.31500000,0,0.0,0.0
7064971602,2022-11-14 09:00:21.508,BTCBUSD,BUY,16748.87803099,0.01097000,0,0.0,0.0
310830439,2022-11-14 10:00:29.918,UNIBUSD,BUY,5.91,29.56000000,0,0,0
6255086979,2022-11-14 12:00:12.469,ETHBUSD,SELL,1250.85,0.16140000,6253454121,-0.94,-1.9222740000000158
310859586,2022-11-14 12:00:21.312,UNIBUSD,SELL,5.95,29.56000000,310830439,0.68,1.1824000000000012
6255483631,2022-11-14 13:00:19.530,ETHBUSD,BUY,1262.54,0.14640000,0,0,0
145924522,2022-11-14 13:00:24.065,OPBUSD,BUY,0.969,181.23000000,0,0,0
7070131826,2022-11-14 14:00:06.804,BTCBUSD,SELL,16703.89397448,0.01097000,7064971602,-0.27,-0.49347509991468996
36195807,2022-11-14 15:00:24.732,RNDRBUSD,BUY,0.49545425,355.22000000,0,0,0
6257274793,2022-11-14 16:00:12.164,ETHBUSD,SELL,1243.48,0.14640000,6255483631,-1.51,-2.790383999999989
36200482,2022-11-14 16:00:19.817,RNDRBUSD,SELL,0.498,354.95000000,36195807,0.51,0.7698413149999794
310953358,2022-11-14 16:00:33.683,UNIBUSD,BUY,5.94,31.16000000,0,0.0,0.0
36204235,2022-11-14 17:00:25.420,RNDRBUSD,BUY,0.493,356.72000000,0,0,0
924563374,2022-11-14 18:00:05.720,DOGEBUSD,SELL,0.08495,2475.00000000,922169802,-2.02,-4.328651250000007
1468931815,2022-11-14 19:00:16.027,BNBBUSD,BUY,276.9,0.64100000,0,0,0
1469023007,2022-11-14 20:00:06.706,BNBBUSD,SELL,272.0,0.64000000,1468931815,-1.77,-3.412899999999979
153188555,2022-11-14 23:00:25.082,LITBUSD,BUY,0.703,252.30000000,0,0,0
36220596,2022-11-15 00:00:14.694,RNDRBUSD,SELL,0.50072958,356.37000000,36204235,1.57,2.5820404245999953
83503225,2022-11-15 02:00:14.300,PHABUSD,SELL,0.1543,1075.00000000,83237521,-3.01,-5.951298800000018
7079631043,2022-11-15 02:00:20.174,BTCBUSD,BUY,16689.28238905,0.01059000,0,0.0,0.0
925662154,2022-11-15 02:00:23.028,DOGEBUSD,BUY,0.08649,1942.00000000,0,0.0,0.0
6260763576,2022-11-15 02:00:24.322,ETHBUSD,BUY,1256.28,0.12700000,0,0.0,0.0
798619103,2022-11-15 05:00:24.638,MATICBUSD,BUY,0.9259,155.50000000,0,0,0
299058750,2022-11-15 09:00:23.537,CHZBUSD,BUY,0.2038,671.00000000,0,0,0
560070317,2022-11-15 14:00:22.084,ATOMBUSD,BUY,10.674,12.18000000,0,0,0
171227062,2022-11-15 15:00:23.631,BANDBUSD,BUY,1.966,62.80000000,0,0,0
171294052,2022-11-15 17:00:08.387,BANDBUSD,SELL,1.973,62.70000000,171227062,0.36,0.2423000000000144
180871760,2022-11-15 18:00:27.085,MASKBUSD,BUY,3.079,38.60000000,0,0,0
928403239,2022-11-15 19:00:11.501,DOGEBUSD,SELL,0.08583,1940.00000000,925662154,-0.76,-1.4533800000000099
6267549846,2022-11-15 19:00:16.058,ETHBUSD,SELL,1240.0,0.12680000,6260763576,-1.3,-2.315560000000005
153308982,2022-11-15 19:00:19.702,LITBUSD,SELL,0.686,252.00000000,153188555,-2.42,-4.494899999999973
180923926,2022-11-15 19:00:21.979,MASKBUSD,SELL,2.939,38.60000000,180871760,-4.55,-5.404000000000011
33049054,2022-11-15 20:00:06.258,BNXBUSD,SELL,146.5,1.31500000,32970936,-0.48,-0.9205000000000041
146608965,2022-11-15 20:00:17.552,OPBUSD,SELL,0.915,181.23000000,145924522,-5.57,-9.786419999999993
6268042130,2022-11-15 20:00:28.647,ETHBUSD,BUY,1257.7,0.13280000,0,0.0,0.0
6268417164,2022-11-15 21:00:10.927,ETHBUSD,SELL,1251.3,0.13270000,6268042130,-0.51,-0.9750499999999818
33051424,2022-11-15 21:00:22.163,BNXBUSD,BUY,146.9,1.13600000,0,0.0,0.0
153325210,2022-11-15 23:00:22.861,LITBUSD,BUY,0.697,227.60000000,0,0,0
6269654447,2022-11-16 01:00:22.415,ETHBUSD,BUY,1251.94,0.11500000,0,0,0
66066465,2022-11-16 01:00:26.894,QNTBUSD,BUY,119.4,1.14600000,0,0,0
181267384,2022-11-16 03:00:25.631,MASKBUSD,BUY,3.138,41.40000000,0,0,0
929527353,2022-11-16 04:00:22.423,DOGEBUSD,BUY,0.08803,1403.00000000,0,0,0
83657513,2022-11-16 04:00:25.970,PHABUSD,BUY,0.1582,702.00000000,0,0,0
83662347,2022-11-16 05:00:23.667,PHABUSD,SELL,0.15786291,701.00000000,83657513,-0.21,-0.3945000900000082
146786598,2022-11-16 05:00:29.524,OPBUSD,BUY,0.937,118.66000000,0,0.0,0.0
6271888412,2022-11-16 08:00:14.604,ETHBUSD,SELL,1244.55,0.11490000,6269654447,-0.59,-0.9743050000000153
1471772833,2022-11-16 08:00:26.197,BNBBUSD,BUY,277.2,0.40600000,0,0.0,0.0
105793827,2022-11-16 08:00:27.586,INJBUSD,BUY,1.834,58.40000000,0,0.0,0.0
561101870,2022-11-16 09:00:04.778,ATOMBUSD,SELL,10.28749342,12.16000000,560070317,-3.62,-4.913400012799997
1471860123,2022-11-16 09:00:08.394,BNBBUSD,SELL,273.6,0.40500000,1471772833,-1.3,-1.7351999999999776
153376359,2022-11-16 09:00:21.855,LITBUSD,SELL,0.697,227.40000000,153325210,0.0,-0.13939999999999486
7108411859,2022-11-16 11:00:16.093,BTCBUSD,SELL,16710.94836638,0.01059000,7079631043,0.13,0.22944269992470367
931009434,2022-11-16 12:00:11.807,DOGEBUSD,SELL,0.08643,1401.00000000,929527353,-1.82,-2.4176599999999837
146930336,2022-11-16 13:00:19.198,OPBUSD,SELL,0.901,118.54000000,146786598,-3.84,-4.37988
803086388,2022-11-16 15:00:14.901,MATICBUSD,SELL,0.8955,155.30000000,798619103,-3.28,-4.9062999999999874
153442416,2022-11-16 19:00:26.100,LITBUSD,BUY,0.718,207.00000000,0,0,0
288584385,2022-11-16 22:00:29.612,DYDXBUSD,BUY,2.281,58.82000000,0,0,0
330478381,2022-11-16 22:00:34.994,SUSHIBUSD,BUY,1.282,99.40000000,0,0,0
932828428,2022-11-17 00:00:25.142,DOGEBUSD,BUY,0.08553,1415.00000000,0,0,0
288729042,2022-11-17 01:00:09.250,DYDXBUSD,SELL,2.28017954,58.76000000,288584385,-0.04,-0.18507022960000086
7120146893,2022-11-17 01:00:27.285,BTCBUSD,BUY,16688.18919424,0.00695000,0,0.0,0.0
311894950,2022-11-17 02:00:24.590,UNIBUSD,SELL,6.02,31.13000000,310953358,1.35,2.3121999999999616
33113797,2022-11-17 03:00:08.433,BNXBUSD,SELL,147.1,1.13600000,33051424,0.14,0.22719999999998208
7121579307,2022-11-17 03:00:12.851,BTCBUSD,SELL,16565.02,0.00695000,7120146893,-0.74,-0.856025899968003
33117442,2022-11-17 06:00:23.315,BNXBUSD,BUY,147.8,0.90400000,0,0,0
33121222,2022-11-17 08:00:06.694,BNXBUSD,SELL,145.9,0.90400000,33117442,-1.29,-1.7176000000000045
66463119,2022-11-17 08:00:19.365,QNTBUSD,SELL,115.9,1.14400000,66066465,-2.93,-4.242800000000017
66471316,2022-11-17 09:00:29.537,QNTBUSD,BUY,115.8,1.19700000,0,0,0
934175690,2022-11-17 10:00:05.846,DOGEBUSD,SELL,0.08447865,1414.00000000,932828428,-1.23,-1.5721388999999846
66514883,2022-11-17 13:00:17.075,QNTBUSD,SELL,115.1,1.19600000,66471316,-0.6,-0.9530000000000314
153562286,2022-11-17 15:00:10.615,LITBUSD,SELL,0.71,206.80000000,153442416,-1.11,-1.7980000000000018
66560577,2022-11-17 16:00:28.066,QNTBUSD,BUY,115.4,1.25600000,0,0,0
105987132,2022-11-17 17:00:07.115,INJBUSD,SELL,1.729,58.40000000,105793827,-5.73,-6.131999999999991
153574898,2022-11-17 17:00:27.292,LITBUSD,BUY,0.718,198.80000000,0,0.0,0.0
7134626319,2022-11-17 19:00:24.349,BTCBUSD,BUY,16697.06,0.00812000,0,0,0
84029571,2022-11-17 19:00:30.575,PHABUSD,BUY,0.16041034,803.00000000,0,0,0
7135278954,2022-11-17 20:00:06.171,BTCBUSD,SELL,16606.71,0.00812000,7134626319,-0.54,-0.7336420000000317
84045212,2022-11-17 21:00:11.301,PHABUSD,SELL,0.1615,803.00000000,84029571,0.68,0.8749969799999917
7135831239,2022-11-17 21:00:21.321,BTCBUSD,BUY,16688.2369335,0.00812000,0,0.0,0.0
935625305,2022-11-17 21:00:22.706,DOGEBUSD,BUY,0.08487062,1518.00000000,0,0.0,0.0
172747361,2022-11-17 23:00:21.328,BANDBUSD,BUY,2.037,60.10000000,0,0,0
33150263,2022-11-17 23:00:23.438,BNXBUSD,BUY,152.7,0.76100000,0,0,0
172767612,2022-11-18 00:00:07.252,BANDBUSD,SELL,1.998,60.00000000,172747361,-1.91,-2.543700000000001
84069010,2022-11-18 02:00:28.527,PHABUSD,BUY,0.16,728.00000000,0,0,0
6288964749,2022-11-18 03:00:26.487,ETHBUSD,BUY,1226.5,0.09020000,0,0,0
147598294,2022-11-18 03:00:29.469,OPBUSD,BUY,0.919,114.42000000,0,0,0
6289251568,2022-11-18 04:00:13.472,ETHBUSD,SELL,1218.87,0.09010000,6288964749,-0.62,-0.8101130000000154
84075434,2022-11-18 04:00:21.889,PHABUSD,SELL,0.1615,728.00000000,84069010,0.94,1.0919999999999987
153614594,2022-11-18 05:00:13.827,LITBUSD,SELL,0.713,198.60000000,153574898,-0.7,-1.1366000000000156
84081468,2022-11-18 06:00:41.739,PHABUSD,BUY,0.16,783.00000000,0,0,0
937069685,2022-11-18 12:00:13.966,DOGEBUSD,SELL,0.08528,1516.00000000,935625305,0.48,0.45087884000000145
7148157400,2022-11-18 14:59:57.222,BTCBUSD,SELL,16682.88,0.00812000,7135831239,-0.03,-0.043498300019990666
184354119,2022-11-18 15:00:06.793,MASKBUSD,SELL,3.124,41.30000000,181267384,-0.45,-0.8919999999999959
184394112,2022-11-18 16:00:33.404,MASKBUSD,BUY,3.121,35.00000000,0,0,0
184426147,2022-11-18 17:00:14.306,MASKBUSD,SELL,3.07615714,35.00000000,184394112,-1.44,-1.569500099999999
331067196,2022-11-18 18:00:21.896,SUSHIBUSD,SELL,1.199,99.30000000,330478381,-6.47,-8.370100000000008
153664033,2022-11-18 18:00:44.425,LITBUSD,BUY,0.726,158.50000000,0,0.0,0.0
61183209,2022-11-18 19:00:35.529,MDXBUSD,BUY,0.0824,1327.50000000,0,0,0
61185620,2022-11-18 20:00:10.670,MDXBUSD,SELL,0.0821,1327.50000000,61183209,-0.36,-0.3982499999999902
331103096,2022-11-18 21:00:30.559,SUSHIBUSD,BUY,1.212,100.50000000,0,0,0
1475552417,2022-11-18 22:00:28.404,BNBBUSD,BUY,273.8,0.42200000,0,0,0
331129524,2022-11-19 00:00:17.591,SUSHIBUSD,SELL,1.213,100.40000000,331103096,0.08,-0.020799999999979946
36430239,2022-11-19 00:00:38.170,RNDRBUSD,BUY,0.476,220.00000000,0,0.0,0.0
36431810,2022-11-19 01:00:20.708,RNDRBUSD,SELL,0.471,220.00000000,36430239,-1.05,-1.1000000000000085
153704822,2022-11-19 02:00:09.675,LITBUSD,SELL,0.717,158.30000000,153664033,-1.24,-1.5698999999999899
938250720,2022-11-19 05:00:29.635,DOGEBUSD,BUY,0.08426,1239.00000000,0,0,0
331176940,2022-11-19 05:00:43.441,SUSHIBUSD,BUY,1.199,82.70000000,0,0,0
938357929,2022-11-19 06:00:10.745,DOGEBUSD,SELL,0.0835,1239.00000000,938250720,-0.9,-0.9416399999999925
606678593,2022-11-19 07:00:40.339,SHIBBUSD,BUY,9.04e-06,11001939.00,0,0,0
606688310,2022-11-19 08:00:21.657,SHIBBUSD,SELL,9.01e-06,11001939.00,606678593,-0.33,-0.33005817000000093
331230538,2022-11-19 09:00:17.837,SUSHIBUSD,SELL,1.185,82.70000000,331176940,-1.17,-1.1577999999999946
153739880,2022-11-19 10:00:26.588,LITBUSD,BUY,0.716,153.60000000,0,0,0
153742170,2022-11-19 11:00:11.137,LITBUSD,SELL,0.70926367,153.60000000,153739880,-0.94,-1.0347002879999962
148034250,2022-11-19 11:00:16.718,OPBUSD,SELL,0.891,114.42000000,147598294,-3.05,-3.2037600000000026
148049858,2022-11-19 13:00:32.985,OPBUSD,BUY,0.896,121.96000000,0,0,0
148058138,2022-11-19 14:00:09.889,OPBUSD,SELL,0.894,121.96000000,148049858,-0.22,-0.2439199999999886
10054096,2022-11-19 15:00:33.018,PAXGBUSD,BUY,1742.0,0.06270000,0,0,0
939004253,2022-11-19 16:00:20.915,DOGEBUSD,BUY,0.08419,1301.00000000,0,0,0
153756894,2022-11-19 16:00:26.386,LITBUSD,BUY,0.72,144.50000000,0,0,0
606853536,2022-11-19 20:00:39.363,SHIBBUSD,BUY,9.13e-06,10830005.00,0,0,0
606865877,2022-11-19 21:00:22.280,SHIBBUSD,SELL,9.1e-06,10830005.00,606853536,-0.33,-0.32490015000000483
7162433227,2022-11-19 21:00:27.642,BTCBUSD,BUY,16616.96,0.00594000,0,0.0,0.0
148155447,2022-11-19 21:00:36.041,OPBUSD,BUY,0.918,102.31000000,0,0.0,0.0
1038030463,2022-11-19 21:00:40.951,XRPBUSD,BUY,0.3827,233.00000000,0,0.0,0.0
606871025,2022-11-19 22:00:39.674,SHIBBUSD,BUY,9.16e-06,9254582.00,0,0,0
606880545,2022-11-19 23:00:20.665,SHIBBUSD,SELL,9.13e-06,9254582.00,606871025,-0.33,-0.277637459999994
6298832720,2022-11-19 23:00:26.361,ETHBUSD,BUY,1223.36,0.06920000,0,0.0,0.0
6299098908,2022-11-20 00:00:16.392,ETHBUSD,SELL,1215.95,0.06920000,6298832720,-0.61,-0.5127719999999982
606894651,2022-11-20 00:01:22.285,SHIBBUSD,BUY,9.15e-06,8797365.00,0,0.0,0.0
6299301788,2022-11-20 01:00:27.787,ETHBUSD,BUY,1223.13,0.06250000,0,0,0
313596118,2022-11-20 03:00:11.858,CHZBUSD,SELL,0.2304,670.00000000,299058750,13.05,17.6182
153797988,2022-11-20 07:00:14.055,LITBUSD,SELL,0.719,144.50000000,153756894,-0.14,-0.14449999999999363
33243044,2022-11-20 08:00:07.040,BNXBUSD,SELL,153.9,0.76100000,33150263,0.79,0.9132000000000176
564362912,2022-11-20 08:00:21.713,ATOMBUSD,BUY,9.993627,8.74000000,0,0.0,0.0
153801052,2022-11-20 08:00:26.491,LITBUSD,BUY,0.723,114.80000000,0,0.0,0.0
331613647,2022-11-20 08:00:36.945,SUSHIBUSD,BUY,1.234,60.50000000,0,0.0,0.0
564404018,2022-11-20 09:00:05.329,ATOMBUSD,SELL,9.856,8.74000000,564362912,-1.38,-1.2028599799999995
7169295495,2022-11-20 09:00:11.737,BTCBUSD,SELL,16590.91,0.00594000,7162433227,-0.16,-0.15473699999999724
940166263,2022-11-20 09:00:15.995,DOGEBUSD,SELL,0.08353,1301.00000000,939004253,-0.78,-0.8586600000000004
6300756727,2022-11-20 09:00:20.280,ETHBUSD,SELL,1205.31,0.06250000,6299301788,-1.46,-1.1137500000000102
153807524,2022-11-20 09:00:24.266,LITBUSD,SELL,0.709,114.80000000,153801052,-1.94,-1.607200000000006
331664696,2022-11-20 12:00:14.730,SUSHIBUSD,SELL,1.18,60.50000000,331613647,-4.38,-3.266999999999996
607061962,2022-11-20 12:00:22.109,SHIBBUSD,SELL,8.9e-06,8797365.00,606894651,-2.73,-2.1993412500000034
1477529698,2022-11-20 14:00:06.590,BNBBUSD,SELL,269.3,0.40600000,1475552417,-1.64,-6.207799999999992
1039507807,2022-11-20 14:00:19.347,XRPBUSD,SELL,0.3738,233.00000000,1038030463,-2.33,-2.0737000000000023
33258414,2022-11-20 17:00:18.250,BNXBUSD,BUY,156.3,0.75900000,0,0,0
148485324,2022-11-20 18:00:10.889,OPBUSD,SELL,0.88,102.31000000,148155447,-4.14,-3.8877799999999922
10071795,2022-11-20 18:00:14.179,PAXGBUSD,SELL,1740.0,0.06270000,10054096,-0.11,-0.12539999999999907
67227627,2022-11-20 22:00:08.549,QNTBUSD,SELL,107.5,1.25600000,66560577,-6.85,-9.92240000000001
33267427,2022-11-20 23:00:04.358,BNXBUSD,SELL,154.2,0.75900000,33258414,-1.34,-1.5939000000000192
33268939,2022-11-21 00:00:16.195,BNXBUSD,BUY,154.8,0.91500000,0,0,0
33272741,2022-11-21 02:00:05.624,BNXBUSD,SELL,154.3,0.91500000,33268939,-0.32,-0.45750000000001023
84849679,2022-11-21 09:00:06.441,PHABUSD,SELL,0.15165517,783.00000000,84081468,-5.22,-6.534001889999999
33293466,2022-11-21 12:00:12.427,BNXBUSD,BUY,156.2,1.20400000,0,0,0
943909355,2022-11-21 13:00:19.445,DOGEBUSD,BUY,0.07621,2345.00000000,0,0,0
602577902,2022-11-21 14:00:32.858,LTCBUSD,BUY,60.98,2.78400000,0,0,0
944384886,2022-11-21 17:00:07.566,DOGEBUSD,SELL,0.07549,2342.00000000,943909355,-0.94,-1.9148699999999792
12596882,2022-11-21 17:00:36.703,GMXBUSD,BUY,42.89,3.78000000,0,0.0,0.0
10099500,2022-11-21 19:00:27.633,PAXGBUSD,BUY,1747.0,0.08810000,0,0,0
10100713,2022-11-21 20:00:06.392,PAXGBUSD,SELL,1732.0,0.08800000,10099500,-0.86,-1.4946999999999946
12637598,2022-11-21 23:00:10.422,GMXBUSD,SELL,40.21,3.77600000,12596882,-6.25,-10.291240000000016
945585344,2022-11-22 03:00:15.564,DOGEBUSD,BUY,0.07542,2242.00000000,0,0,0
946183022,2022-11-22 09:00:07.634,DOGEBUSD,SELL,0.07381,2240.00000000,945585344,-2.13,-3.7572400000000243
1043735767,2022-11-22 11:00:37.343,XRPBUSD,BUY,0.3621,466.00000000,0,0,0
946789276,2022-11-22 14:00:14.906,DOGEBUSD,BUY,0.07908,2029.00000000,0,0,0
149226931,2022-11-22 14:00:24.287,OPBUSD,BUY,0.872,174.87000000,0,0,0
62047750,2022-11-22 15:00:28.027,MDXBUSD,BUY,0.0843,1718.40000000,0,0,0
7218867155,2022-11-22 16:00:17.362,BTCBUSD,BUY,16222.3,0.00848000,0,0,0
154077848,2022-11-22 16:00:23.174,LITBUSD,BUY,0.675,184.00000000,0,0,0
819630064,2022-11-22 16:00:26.113,MATICBUSD,BUY,0.8577,137.50000000,0,0,0
7219856838,2022-11-22 17:00:08.939,BTCBUSD,SELL,16157.93,0.00848000,7218867155,-0.4,-0.545857600000005
154085220,2022-11-22 17:00:15.913,LITBUSD,SELL,0.671,183.80000000,154077848,-0.59,-0.8701999999999828
62071191,2022-11-22 19:00:10.981,MDXBUSD,SELL,0.0834,1718.40000000,62047750,-1.07,-1.5465599999999995
154095528,2022-11-22 20:00:23.913,LITBUSD,BUY,0.672,216.50000000,0,0,0
62074498,2022-11-22 20:00:26.107,MDXBUSD,BUY,0.0835,1655.30000000,0,0,0
62077390,2022-11-22 21:00:15.135,MDXBUSD,SELL,0.08314495,1653.70000000,62074498,-0.43,-0.7207461850000243
33392292,2022-11-22 22:00:09.298,BNXBUSD,SELL,147.5,1.20400000,33293466,-5.57,-10.474799999999988
567394572,2022-11-22 23:00:16.652,ATOMBUSD,BUY,9.506,14.77000000,0,0,0
7224686643,2022-11-22 23:00:22.319,BTCBUSD,BUY,16158.92,0.00825000,0,0,0
62084779,2022-11-22 23:00:30.305,MDXBUSD,BUY,0.0841,1507.70000000,0,0,0
947766502,2022-11-23 01:00:08.814,DOGEBUSD,SELL,0.07821,2027.00000000,946789276,-1.1,-1.9216499999999996
1481096980,2022-11-23 01:00:21.368,BNBBUSD,BUY,265.8,0.43900000,0,0.0,0.0
947828173,2022-11-23 02:00:21.369,DOGEBUSD,BUY,0.07782,1427.00000000,0,0,0
6323365101,2022-11-23 03:00:24.946,ETHBUSD,BUY,1162.08,0.09080000,0,0,0
188384202,2022-11-23 04:00:26.495,MASKBUSD,BUY,2.817,33.80000000,0,0,0
313733430,2022-11-23 07:00:37.877,UNIBUSD,BUY,5.47,15.71000000,0,0,0
608459719,2022-11-23 08:00:33.070,SHIBBUSD,BUY,9.01e-06,9141271.00,0,0,0
254699295,2022-11-23 11:00:34.849,SFPBUSD,BUY,0.5102,145.00000000,0,0,0
949025361,2022-11-23 14:00:12.705,DOGEBUSD,SELL,0.07955,1427.00000000,947828173,2.22,2.4687100000000015
293376712,2022-11-23 14:00:40.043,DYDXBUSD,BUY,1.937,35.85000000,0,0.0,0.0
140399228,2022-11-23 19:00:36.071,TWTBUSD,BUY,2.1337,35.00000000,0,0,0
138763359,2022-11-23 20:00:40.301,PEOPLEBUSD,BUY,0.02361224,2769.00000000,0,0,0
132599961,2022-11-23 21:00:34.923,LAZIOBUSD,BUY,5.71232567,10.87000000,0,0,0
132614852,2022-11-23 22:00:27.258,LAZIOBUSD,SELL,5.68441665,10.87000000,132599961,-0.49,-0.303371047400006
174772233,2022-11-23 23:00:39.586,BANDBUSD,BUY,1.666,37.20000000,0,0,0
84525577,2022-11-23 23:00:46.455,IQBUSD,BUY,0.00562,10498.00000000,0,0,0
84528712,2022-11-24 00:00:38.388,IQBUSD,SELL,0.00558,10498.00000000,84525577,-0.71,-0.41991999999999763
132697134,2022-11-24 03:00:40.427,LAZIOBUSD,BUY,5.7468,8.45000000,0,0,0
33618790,2022-11-24 04:00:36.604,BNXBUSD,BUY,157.4,0.28400000,0,0,0
254976230,2022-11-24 04:00:37.924,SFPBUSD,BUY,0.5256,81.00000000,0,0,0
132747834,2022-11-24 06:00:27.654,LAZIOBUSD,SELL,5.6839,8.45000000,132697134,-1.09,-0.5315050000000028
